iteration,fitness,time,cost
1,6.369963544551134,6.822449089102269,5.917477999999999
